guideId,location,chr,AF-oth,AF-ami,AF-sas,AF-fin,AF-eas,AF-amr,AF-afr,AF-mid,AF-asj,AF-nfe,AC-oth,AC-ami,AC-sas,AC-fin,AC-eas,AC-amr,AC-afr,AC-mid,AC-asj,AC-nfe,AN-oth,AN-ami,AN-sas,AN-fin,AN-eas,AN-amr,AN-afr,AN-mid,AN-asj,AN-nfe,AF_total
1,35760347,chr1,0.289398,0.145833,0.220588,0.16358,0.763991,0.374148,0.60897,0.183544,0.221742,0.12804,606,133,1065,1731,3959,5708,25187,58,769,8707,2094,912,4828,10582,5182,15256,41360,316,3468,68002,0.315282895
1,35760358,chr1,0,0,0,0,0.000192382,0,0,0,0,0,0,0,0,0,1,0,0,0,0,0,2090,912,4818,10620,5198,15278,41434,316,3468,68028,6.57E-06
1,35760362,chr1,0,0,0,0,0,0,0,0,0,2.94E-05,0,0,0,0,0,0,0,0,0,2,4184,1824,9668,21236,10404,30568,82924,632,6940,136076,6.57E-06
2,35760347,chr1,0.289398,0.145833,0.220588,0.16358,0.763991,0.374148,0.60897,0.183544,0.221742,0.12804,606,133,1065,1731,3959,5708,25187,58,769,8707,2094,912,4828,10582,5182,15256,41360,316,3468,68002,0.315282895
2,35760358,chr1,0,0,0,0,0.000192382,0,0,0,0,0,0,0,0,0,1,0,0,0,0,0,2090,912,4818,10620,5198,15278,41434,316,3468,68028,6.57E-06
2,35760362,chr1,0,0,0,0,0,0,0,0,0,2.94E-05,0,0,0,0,0,0,0,0,0,2,4184,1824,9668,21236,10404,30568,82924,632,6940,136076,6.57E-06